{"mae_aqi": 0.9452616077259275, "mae_pm25": 2.092728081217573, "mse_aqi": 2.3403493441440997, "mse_pm": 8.44863456398377}